{
    "name": "roll-table-on-1",
    "title": "Roll Table on Natural 1",
    "description": "Verifica automaticamente se o ataque acertou o alvo selecionado.",
    "version": "1.0.0",
    "author": "Fabbers2",
    "manifest": "https://raw.githubusercontent.com/Fabbers2/Tormenta20-Attack-Check/main/module.json",
    "download": "https://github.com/Fabbers2/Tormenta20-Attack-Check/archive/refs/heads/main.zip",
    "minimumCoreVersion": "10",
    "compatibleCoreVersion": "10",
    "systems": [ "tormenta20" ],
    "scripts": [ "script.js" ],
    "esmodules": [],
    "socket": false
}
